대지위치,허가일,사용승인일,주용도,부속용도,세대수,호수,가구수,위도,경도
경상북도 영천시 신녕면 완전리 829-2,2023-05-08,2024-03-26,단독주택,다가구주택,,,12,36.04253391,128.79317496
경상북도 영천시 문내동 3-11,2022-05-10,2024-12-13,단독주택,다가구,,,15,35.97388244,128.92986512
경상북도 영천시 금호읍 교대리 180-17 외2필지,2021-07-23,2022-04-28,단독주택,다가구주택,,,12,35.93211110,128.87564020
경상북도 영천시 본촌동 349 외1필지,2021-06-01,2022-03-18,단독주택,,1,,,35.92059407,128.95679278
경상북도 영천시 금호읍 관정리 242,2021-01-04,2021-12-21,단독주택,단독주택,1,,,35.93016654,128.91053533
경상북도 영천시 완산동 906-4,2019-10-25,2021-01-27,단독주택,,1,,,35.96234085,128.93809065
경상북도 영천시 금호읍 교대리 11-21 외2필지,2019-07-12,2021-05-14,단독주택,"단독주택,축사",1,,,35.93876309,128.87055604
경상북도 영천시 조교동 371,2018-08-10,2018-12-31,단독주택,1종근생(소매점),1,,,35.97743345,128.96337898
경상북도 영천시 신녕면 완전리 852-203,2018-07-18,2019-12-20,단독주택,,,,11,36.03900895,128.78941482
경상북도 영천시 청통면 송천리 483-5 외3필지,2018-05-28,2019-03-13,단독주택,다가구주택(15가구),,,15,35.97024003,128.81989191
경상북도 영천시 청통면 애련리 211-9,2018-05-16,2019-06-21,단독주택,다가두주택 및 제2종근린생활시설(사무소),,,10,,
경상북도 영천시 야사동 158-3,2018-04-12,2018-11-23,단독주택,다가구주택,0,,10,35.97502786,128.94474944
경상북도 영천시 청통면 애련리 211-7,2018-03-23,2019-06-21,단독주택,다가구주택(15가구),,,15,35.99828597,128.80608862
경상북도 영천시 자양면 보현리 산 194-9,2018-02-05,2021-06-15,단독주택,"다중주택,다가구주택",,,15,36.13205581,129.02206365
경상북도 영천시 오수동 94-3,2018-01-22,2018-09-04,단독주택,다가구주택,,,8,35.95954115,128.91480291
경상북도 영천시 금호읍 원제리 519,2018-01-22,2018-09-14,단독주택,다가구주택,,,9,35.94183365,128.89871874
경상북도 영천시 금호읍 원제리 519-8,2018-01-22,2018-09-14,단독주택,다가구주택,,,8,35.94192445,128.89894346
경상북도 영천시 금호읍 원제리 519-6,2018-01-22,2018-09-14,단독주택,다가구주택,,,16,35.94167238,128.89883937
경상북도 영천시 금호읍 원제리 519-7,2018-01-22,2018-09-13,단독주택,다가구주택,,,16,35.94172526,128.89904975
경상북도 영천시 오수동 94-1,2018-01-18,2018-08-28,단독주택,다가구주택,,,8,35.95940151,128.91486236
경상북도 영천시 오수동 97-5,2018-01-15,2018-08-28,단독주택,다가구주택,,,12,35.95890620,128.91508238
경상북도 영천시 오수동 97,2018-01-05,2018-08-21,단독주택,다가구주택,,,12,35.95870135,128.91517275
경상북도 영천시 조교동 712-2,2017-11-28,2018-07-17,단독주택,다가구주택,,,18,35.97310966,128.95245247
경상북도 영천시 교촌동 272-16 외1필지,2017-08-11,2018-03-28,단독주택,(다가구주택),,,9,35.96626378,128.92400979
경상북도 영천시 교촌동 272-17,2017-08-11,2018-05-11,단독주택,다가구주택,,,9,35.96624490,128.92366327
경상북도 영천시 교촌동 272-12,2017-08-10,2018-03-28,단독주택,다가구주택,,,9,35.96625030,128.92383478
경상북도 영천시 문내동 3-10,2017-08-01,2018-01-04,단독주택,다가구주택,,,6,35.97447321,128.93055842
경상북도 영천시 본촌동 628,2017-07-21,2017-11-09,단독주택,단독주택/다가구주택/부속창고,,,4,35.92582229,128.95310005
경상북도 영천시 망정동 417-9,2017-07-20,2018-01-19,단독주택,,,,8,35.98856630,128.95665198
경상북도 영천시 망정동 417-43,2017-06-21,2018-01-11,단독주택,,,,10,35.98848025,128.95608837
경상북도 영천시 망정동 417-44,2017-06-21,2018-01-11,단독주택,,,,10,35.98834156,128.95611106
경상북도 영천시 화룡동 206-1,2017-06-21,2018-08-28,단독주택,다가구주택 및 소매점,,,5,35.96433069,128.92157948
경상북도 영천시 망정동 417,2017-06-13,2018-01-11,단독주택,,,,11,35.98864858,128.95606085
경상북도 영천시 금노동 509-6 외1필지,2017-05-26,2018-02-22,단독주택,다가구,,,5,35.96169975,128.93320867
경상북도 영천시 완산동 906-1 외2필지,2017-04-11,2017-12-12,단독주택,"단독주택,소매점,사무소",1,,,35.96281895,128.93754124
경상북도 영천시 문내동 13-7,2017-04-07,2017-09-04,단독주택,다가구주택,,,17,35.97398654,128.93150596
경상북도 영천시 교촌동 169-21,2017-02-16,2019-01-22,단독주택,다가구,,,11,35.96759959,128.92813388
경상북도 영천시 교촌동 169-20,2017-02-16,2018-12-10,단독주택,다가구,,,11,35.96769154,128.92825387
경상북도 영천시 문외동 103-4 외1필지,2017-02-07,2017-06-08,단독주택,다가구주택,,,15,35.96933396,128.93427165
경상북도 영천시 야사동 158-2,2016-12-30,2017-08-28,단독주택,다가구주택,0,,13,35.97506056,128.94490255
경상북도 영천시 창구동 68-7,2016-12-15,2017-04-07,단독주택,다가구주택,,,15,35.96715885,128.93092496
경상북도 영천시 야사동 172-7,2016-12-09,2017-07-04,단독주택,다가구주택(17가구),,,17,35.97392345,128.94386913
경상북도 영천시 야사동 172-34,2016-12-09,2017-05-29,단독주택,다가구주택,,,18,35.97392457,128.94406128
경상북도 영천시 야사동 172-35,2016-12-09,2017-05-29,단독주택,다가구주택,,,16,35.97391139,128.94428798
경상북도 영천시 문외동 78-3,2016-11-23,2017-03-07,단독주택,,1,,,35.96870728,128.93481446
경상북도 영천시 오수동 93-16,2016-10-25,2017-03-30,단독주택,,,,11,35.95936279,128.91455916
경상북도 영천시 문내동 158,2016-09-30,2017-07-19,단독주택,"다가구, 근린생활시설",,,3,35.96821756,128.93185911
경상북도 영천시 교촌동 169-18 외1필지,2016-09-06,2017-10-26,단독주택,다가구주택,,,14,35.96766968,128.92792091
경상북도 영천시 교촌동 169-19 외1필지,2016-09-06,2017-10-17,단독주택,다가구주택,,,14,35.96782753,128.92813661
경상북도 영천시 교촌동 169-3,2016-09-06,2017-03-16,단독주택,다가구,,,11,35.96752510,128.92798516
경상북도 영천시 금호읍 교대리 188-13,2016-08-30,2017-03-22,단독주택,다가구주택(11가구),,,11,35.93326533,128.87586012
경상북도 영천시 완산동 1089-47,2016-08-22,2017-02-20,단독주택,다가구주택,,,9,35.96176845,128.93482084
경상북도 영천시 완산동 1089-71,2016-08-22,2017-03-13,단독주택,다가구주택,,,13,35.96173370,128.93498387
경상북도 영천시 완산동 1089-72,2016-08-22,2017-03-13,단독주택,다가구주택,,,13,35.96168666,128.93514332
경상북도 영천시 창구동 68-11,2016-07-15,2016-10-27,단독주택,다가구주택,,,15,35.96708328,128.93101846
경상북도 영천시 조교동 731-7 외1필지,2016-07-15,2016-12-07,단독주택,다가구주택(18세대),,,18,35.97233308,128.95228754
경상북도 영천시 야사동 158-16,2016-06-13,2017-01-23,단독주택,다가구주택,,,10,35.97475454,128.94392594
경상북도 영천시 금호읍 교대리 199-1,2016-06-10,2016-11-07,단독주택,다가구주택,,,13,35.93340571,128.87202551
경상북도 영천시 야사동 165-9,2016-05-24,2016-09-05,단독주택,단독주택,1,,,35.97435296,128.94364335
경상북도 영천시 야사동 263 외1필지,2016-04-26,2016-11-18,단독주택,(다가구주택),,,15,35.97117490,128.94296487
경상북도 영천시 야사동 217-2,2016-03-23,2016-09-07,단독주택,다가구주택,,,15,35.97171221,128.94606311
경상북도 영천시 야사동 181-8,2016-03-15,2016-07-28,단독주택,단독주택(다가구주택),,,11,35.97465021,128.94487603
경상북도 영천시 청통면 치일리 산 1-34 외1필지,2015-12-31,2016-12-28,단독주택,다가구주택,,,8,,
경상북도 영천시 문외동 138-7,2015-12-04,2016-04-28,단독주택,다가구 주택,,,12,35.97343106,128.93335647
경상북도 영천시 문내동 118-2,2015-12-01,2016-04-26,단독주택,다가구주택,,,15,35.96864362,128.93347078
경상북도 영천시 화룡동 205-14 외1필지,2015-11-30,2016-03-18,단독주택,다가구주택,,,15,35.96386085,128.92201472
경상북도 영천시 문내동 118-1,2015-11-27,2016-04-26,단독주택,다가구주택,,,15,35.96870816,128.93332735
경상북도 영천시 청통면 치일리 산 1-2 외6필지,2015-11-17,2016-09-06,단독주택,다가구주택,,,12,35.99051572,128.82099283
경상북도 영천시 청통면 치일리 산 1 외3필지,2015-11-17,2016-09-07,단독주택,다가구주택,,,12,35.99526887,128.80599665
경상북도 영천시 망정동 230-2,2015-10-21,2016-03-30,단독주택,다가구주택(16세대),,,16,35.97746551,128.95225798
경상북도 영천시 망정동 230-3,2015-10-20,2016-03-30,단독주택,다가구주택(14세대),,,14,35.97756136,128.95242990
경상북도 영천시 야사동 291-9,2015-10-08,2016-04-07,단독주택,다가구주택,,,15,35.97161461,128.94164125
경상북도 영천시 문외동 198-16,2015-09-16,2016-03-04,단독주택,다가구주택,,,18,35.97298498,128.93463820
경상북도 영천시 문외동 198-12,2015-09-16,2016-03-04,단독주택,다가구주택,,,18,35.97313685,128.93452640
경상북도 영천시 문외동 198-18,2015-09-16,2016-05-18,단독주택,다가구주택,,,18,35.97265256,128.93488295
경상북도 영천시 문외동 198-17,2015-09-16,2016-05-18,단독주택,다가구주택,,,18,35.97282066,128.93475917
경상북도 영천시 청통면 치일리 산 1-20 외3필지,2015-09-14,2016-03-25,단독주택,다가구주택,,,12,,
경상북도 영천시 완산동 907-11,2015-09-14,2016-03-11,단독주택,"단독주택,소매점",1,,,35.96250337,128.93795066
경상북도 영천시 화룡동 205-3 외1필지,2015-09-08,2016-03-18,단독주택,다가구주택,,,11,35.96380003,128.92213649
경상북도 영천시 야사동 154-62,2015-08-13,2016-01-28,단독주택,다가구주택,,,17,35.97682514,128.94298218
경상북도 영천시 완산동 729-40,2015-08-03,2016-01-14,단독주택,다가구주택,,,11,35.96575473,128.94109195
경상북도 영천시 교촌동 269-1,2015-08-03,2016-01-08,단독주택,다가구주택,,,15,35.96417456,128.92351533
경상북도 영천시 완산동 729-39,2015-08-03,2016-01-14,단독주택,다가구주택,,,11,35.96561603,128.94109959
경상북도 영천시 문내동 180-5 외2필지,2015-07-30,2016-09-12,단독주택,다가구주택,,,17,35.96938771,128.93179666
경상북도 영천시 금노동 551-1,2015-07-30,2016-01-06,단독주택,단독주택(다가구주택),,,17,35.96199390,128.92892787
경상북도 영천시 교촌동 206-2 외1필지,2015-07-23,2017-05-17,단독주택,다가구주택(14가구),,,14,,
경상북도 영천시 문내동 5-9,2015-07-22,2015-11-27,단독주택,다가구주택,,,18,35.97475064,128.93163165
경상북도 영천시 신녕면 완전리 852-173,2015-07-09,2015-10-30,단독주택,다가구주택(11가구),,,11,36.03904714,128.78996000
경상북도 영천시 망정동 160-1 외1필지,2015-07-06,2016-01-18,단독주택,다가구주택,,,19,35.97473890,128.95039653
경상북도 영천시 망정동 518-5,2015-06-23,2016-02-01,단독주택,다가구주택,,,3,35.98890360,128.95217095
경상북도 영천시 망정동 518-8,2015-06-22,2015-11-25,단독주택,다가구주택,,,2,35.98853151,128.95223195
경상북도 영천시 야사동 146-6 외1필지,2015-06-18,2015-11-24,단독주택,다가구주택/소매점,,,8,35.97610294,128.94499628
경상북도 영천시 임고면 황강리 204-3,2015-06-01,2015-08-13,단독주택,다가구주택,,,4,36.02700130,128.99666195
경상북도 영천시 임고면 황강리 203-3,2015-06-01,2015-08-13,단독주택,다가구주택,,,4,36.02719740,128.99662624
경상북도 영천시 금노동 560-2,2015-05-29,2015-07-29,단독주택,,,,2,35.96196523,128.92716484
경상북도 영천시 북안면 임포리 251-16,2015-03-25,2016-10-20,단독주택,다가구주택(12세대),,,12,35.91839302,129.01019544
경상북도 영천시 북안면 임포리 251-8,2015-03-17,2016-10-20,단독주택,다가구주택(12세대),,,12,35.91857396,129.01021725
경상북도 영천시 문외동 247-5,2015-03-03,2015-07-07,단독주택,다가구주택(11가구),,,11,35.97340774,128.93541173
경상북도 영천시 오수동 113-2,2015-03-01,2015-10-16,단독주택,다가구주택,,,18,35.95903951,128.91448401
경상북도 영천시 오수동 113,2015-03-01,2015-10-16,단독주택,다가구주택,,,18,35.95897136,128.91430676
경상북도 영천시 야사동 141-1,2015-02-16,2015-09-10,단독주택,다가구주택,,,7,35.97479219,128.94527216
경상북도 영천시 오수동 138-5,2015-02-02,2015-12-10,단독주택,다가구주택,,,10,35.96037938,128.91653420
경상북도 영천시 본촌동 661-1,2015-01-29,2015-08-11,단독주택,다가구주택,,,16,35.92466664,128.95178218
경상북도 영천시 오수동 113-3,2015-01-16,2015-07-31,단독주택,다가구주택,,,18,35.95884278,128.91456932
경상북도 영천시 오수동 113-4,2015-01-16,2015-07-31,단독주택,다가구주택,,,15,35.95878327,128.91438819
경상북도 영천시 봉동 660 외1필지,2014-12-31,2015-06-23,단독주택,다가가주택,,,10,35.93210509,128.94459735
경상북도 영천시 고경면 덕정리 336-5,2014-12-17,2015-02-26,단독주택,다가구주택,,,5,35.92809446,129.11345387
경상북도 영천시 고경면 덕정리 337,2014-12-17,2015-02-26,단독주택,다가구주택,,,5,35.92822688,129.11368004
경상북도 영천시 고경면 덕정리 335-3,2014-12-17,2015-02-26,단독주택,다가구주택,,,5,35.92826273,129.11313080
경상북도 영천시 고경면 덕정리 336-3,2014-12-17,2015-02-26,단독주택,다가구주택,,,5,35.92845892,129.11343657
경상북도 영천시 완산동 729-26,2014-12-09,2015-06-19,단독주택,다가구주택,,,17,35.96586557,128.94084897
경상북도 영천시 금호읍 교대리 422-10,2014-11-28,2015-05-08,단독주택,다가구주택,,,11,35.93324166,128.86902647
경상북도 영천시 금노동 556-4,2014-11-04,2015-04-23,단독주택,18,,,18,35.96196989,128.92772097
경상북도 영천시 야사동 158-36,2014-11-03,2015-09-23,단독주택,다가구주택(18세대),,,18,35.97564615,128.94399377
경상북도 영천시 야사동 212-2 외1필지,2014-10-06,2016-06-15,단독주택,다가구주택,,,11,35.97105732,128.94629753
경상북도 영천시 완산동 1269-17,2014-09-24,2015-01-20,단독주택,다가구주택,,,11,35.96474718,128.93492797
경상북도 영천시 야사동 154-87,2014-08-25,2015-04-23,단독주택,,,,12,35.97579528,128.94398403
경상북도 영천시 금노동 604-6,2014-08-22,2015-02-10,단독주택,다가구주택,,,11,35.95989800,128.93070774
경상북도 영천시 문외동 247-13,2014-08-20,2015-03-24,단독주택,다가구주택,,,18,35.97341049,128.93572245
경상북도 영천시 조교동 725-6,2014-08-12,2015-02-13,단독주택,다가구주택,,,15,35.97171581,128.95206489
경상북도 영천시 조교동 725-8 외1필지,2014-08-11,2015-02-13,단독주택,다가구주택,,,11,35.97162934,128.95218574
경상북도 영천시 신녕면 화성리 313-4,2014-08-01,2016-03-23,단독주택,,1,,,36.04329715,128.79319645
경상북도 영천시 신녕면 화성리 313-6,2014-07-10,2016-03-23,단독주택,,1,,,36.04343696,128.79314051
경상북도 영천시 문외동 247-12,2014-07-08,2014-12-19,단독주택,다가구주택(19세대),,,19,35.97335360,128.93553564
경상북도 영천시 봉동 662-9,2014-07-04,2014-11-28,단독주택,다가구(18가구),,,18,35.93190305,128.94438929
경상북도 영천시 문외동 247-14,2014-07-01,2014-12-24,단독주택,다가구주택,,,14,35.97352984,128.93565703
경상북도 영천시 금호읍 교대리 422-9,2014-06-26,2015-03-16,단독주택,,,,15,35.93324869,128.86886192
경상북도 영천시 조교동 725-4,2014-05-28,2014-11-06,단독주택,다가구주택,,,19,35.97193345,128.95234256
경상북도 영천시 조교동 725-5,2014-05-28,2014-11-06,단독주택,다가구주택,,,18,35.97181679,128.95221850
경상북도 영천시 망정동 103,2014-05-26,2014-12-18,단독주택,다가구주택,,,8,35.97299546,128.95135123
경상북도 영천시 완산동 1123-17,2014-05-14,2014-11-07,단독주택,다가구주택,,,17,35.95996050,128.93566568
경상북도 영천시 임고면 황강리 204-3,2014-05-08,2014-12-11,단독주택,다가구주택,,,4,36.02700130,128.99666195
경상북도 영천시 임고면 황강리 203-3,2014-05-08,2014-12-11,단독주택,다가구주택,,,4,36.02719740,128.99662624
경상북도 영천시 야사동 131-5 외1필지,2014-04-16,2014-10-21,단독주택,다가구주택,,,13,35.97561255,128.94713202
경상북도 영천시 조교동 194-5 외1필지,2014-03-27,2014-10-05,단독주택,,1,,,35.96943936,128.95924140
경상북도 영천시 완산동 1000-75,2014-03-14,2014-07-30,단독주택,다가구주택,,,15,35.96668428,128.93787110
경상북도 영천시 조교동 725-3,2014-02-25,2014-08-19,단독주택,다가구주택,,,17,35.97205167,128.95246548
경상북도 영천시 조교동 725-1,2014-02-21,2014-08-19,단독주택,다가구주택,,,19,35.97214189,128.95262211
경상북도 영천시 금호읍 덕성리 110-12,2014-02-19,2015-11-13,단독주택,다가구주택,,,11,35.93132911,128.87030559
경상북도 영천시 망정동 191-3,2014-02-14,2014-08-14,단독주택,다가구주택,,,11,35.97509329,128.95040781
경상북도 영천시 금호읍 교대리 6-117,2014-02-06,2014-08-19,단독주택,,,,15,35.93386315,128.87681197
경상북도 영천시 화북면 정각리 1025,2014-01-16,2015-11-04,단독주택,,,,2,36.13813034,128.98885082
경상북도 영천시 야사동 154-17,2013-12-12,2014-06-24,단독주택,(다가구주택),,,11,35.97636123,128.94269834
경상북도 영천시 금호읍 원제리 479,2013-10-22,2014-06-03,단독주택,,,,12,35.94071854,128.89644245
경상북도 영천시 문내동 13-9,2013-10-14,2014-04-09,단독주택,,,,11,35.97447162,128.93205504
경상북도 영천시 문내동 13-4,2013-10-14,2014-04-09,단독주택,,,,11,35.97440711,128.93192362
경상북도 영천시 교촌동 226-2,2013-09-13,2014-03-24,단독주택,,,,15,35.96609470,128.92710664
경상북도 영천시 교촌동 226-5,2013-09-09,2014-03-24,단독주택,,,,15,35.96602515,128.92693979
경상북도 영천시 야사동 154-29,2013-08-22,2014-08-19,단독주택,,,,11,35.97628338,128.94326353
경상북도 영천시 금노동 617-59,2013-06-04,2013-11-29,단독주택,,1,,,35.95699209,128.93173640
경상북도 영천시 문내동 13-8,2013-04-25,2013-09-16,단독주택,단독주택(다가구주택),,,8,35.97459706,128.93193660
경상북도 영천시 조교동 687-1,2013-04-02,2013-06-27,단독주택,다가구,,,2,35.97545652,128.95573526
경상북도 영천시 망정동 163-11,2013-02-01,2013-11-04,단독주택,다가구주택,,,11,35.97457644,128.95001227
경상북도 영천시 망정동 163-9,2013-01-24,2013-09-13,단독주택,다가구주택,,,14,35.97479114,128.94998685
경상북도 영천시 망정동 417-1,2013-01-21,2013-02-28,단독주택,다가구주택,,,18,35.98864827,128.95628967
경상북도 영천시 도동 234-7,2013-01-09,2018-02-26,단독주택,"다가구주택,사무소,소매점",,,4,35.94903873,128.92897661
경상북도 영천시 망정동 163-12 외1필지,2013-01-03,2013-11-18,단독주택,다가구주택,,,14,35.97494440,128.94964168
경상북도 영천시 망정동 163-2,2013-01-03,2013-11-18,단독주택,다가구주택,,,17,35.97492719,128.94946171
경상북도 영천시 작산동 355-7,2012-11-27,2014-01-29,단독주택,및 제2종근린생활시설,,,12,35.93937834,128.93706938
경상북도 영천시 작산동 355-6,2012-11-27,2013-07-16,단독주택,및 제2종근린생활시설,,,11,35.93941003,128.93726000
경상북도 영천시 작산동 355-2,2012-11-27,2013-09-06,단독주택,및 제2종근린생활시설,,,12,35.93948782,128.93704967
경상북도 영천시 완산동 729-66,2012-11-23,2014-02-21,단독주택,다가구주택,,,17,35.96559990,128.94049157
경상북도 영천시 완산동 729-23,2012-11-23,2013-05-23,단독주택,다가구주택,,,14,35.96576519,128.94044800
경상북도 영천시 완산동 994-99,2012-11-23,2013-05-31,단독주택,다가구주택,,,18,35.96559617,128.94019203
경상북도 영천시 망정동 417-10,2012-11-16,2013-07-23,단독주택,다가구주택,,,18,35.98870292,128.95662994
경상북도 영천시 망정동 409-18,2012-11-07,2013-07-08,단독주택,다가구주택,,,18,35.98937746,128.95617125
경상북도 영천시 망정동 409-41,2012-10-26,2013-07-02,단독주택,다가구주택,,,18,35.98934981,128.95594650
경상북도 영천시 망정동 409-37,2012-10-26,2013-10-14,단독주택,다가구주택,,,11,35.98948592,128.95592432
경상북도 영천시 망정동 409-40,2012-10-22,2013-04-02,단독주택,다가구주택,,,16,35.99036555,128.95578043
경상북도 영천시 망정동 409-39,2012-10-22,2013-07-04,단독주택,다가구주택,,,18,35.99054417,128.95575128
경상북도 영천시 망정동 417-6,2012-10-22,2014-06-20,단독주택,다가구주택,,,18,35.98737104,128.95626901
경상북도 영천시 망정동 409-15,2012-10-22,2013-10-29,단독주택,다가구주택,,,18,35.99082632,128.95570524
경상북도 영천시 망정동 409-38,2012-10-22,2013-09-25,단독주택,다가구주택,,,18,35.99067204,128.95573042
경상북도 영천시 망정동 417-14 외1필지,2012-09-13,2013-03-26,단독주택,다가구주택,,,17,35.98679874,128.95693878
경상북도 영천시 완산동 1082-32 외1필지,2012-08-22,2012-12-31,단독주택,다가구주택,,,18,35.96197421,128.93598811
경상북도 영천시 녹전동 300-1,2012-08-03,2013-06-28,단독주택,,1,,,36.00163642,128.91592892
경상북도 영천시 조교동 465,2012-07-20,2012-12-14,단독주택,,1,,,35.98347985,128.96187830
경상북도 영천시 망정동 417-1,2012-07-09,2013-01-09,단독주택,다가구주택,,,18,35.98864827,128.95628967
경상북도 영천시 교촌동 191-2,2012-07-05,2013-09-17,단독주택,다가구주택,,,8,35.96656942,128.92796735
경상북도 영천시 야사동 279-5 외3필지,2012-06-11,2012-12-21,단독주택,다가구주택,,,11,,
경상북도 영천시 문외동 196-7,2012-06-11,2012-11-28,단독주택,,,,14,35.97426213,128.93428983
경상북도 영천시 문외동 196-8,2012-06-11,2012-11-28,단독주택,,,,14,35.97432275,128.93443474
경상북도 영천시 문외동 196-9,2012-06-11,2012-11-28,단독주택,,,,14,35.97436052,128.93456686
경상북도 영천시 화룡동 644-5 외1필지,2012-06-11,2012-09-27,단독주택,,1,,,35.97753151,128.91930300
경상북도 영천시 망정동 409-33,2012-05-18,2012-12-06,단독주택,,,,17,35.98963459,128.95646866
경상북도 영천시 망정동 409-32,2012-05-18,2013-03-21,단독주택,,,,17,35.98981118,128.95643996
경상북도 영천시 망정동 409-35 외1필지,2012-05-18,2012-12-07,단독주택,,,,17,35.98928701,128.95652511
경상북도 영천시 망정동 409-34,2012-05-18,2012-12-06,단독주택,,,,17,35.98946617,128.95649601
경상북도 영천시 망정동 409-24,2012-05-18,2012-12-06,단독주택,다가구주택,,,17,35.98909344,128.95655663
경상북도 영천시 망정동 409-26,2012-05-18,2013-03-26,단독주택,,,,16,35.98997826,128.95641279
경상북도 영천시 야사동 166-5,2012-05-14,2012-09-28,단독주택,다가구주택,,,10,35.97452756,128.94337441
경상북도 영천시 야사동 277-5,2012-05-04,2016-11-18,단독주택,다가구주택,,,14,35.97158681,128.94250027
경상북도 영천시 야사동 277,2012-05-04,2016-11-18,단독주택,다가구주택,,,14,35.97169959,128.94237348
경상북도 영천시 야사동 277-6,2012-05-04,2016-11-18,단독주택,다가구주택,,,14,35.97145837,128.94262763
경상북도 영천시 야사동 277-7 외1필지,2012-05-04,2016-11-18,단독주택,다가구주택,,,14,35.97133156,128.94274957
경상북도 영천시 야사동 277-8 외1필지,2012-05-04,2016-11-18,단독주택,다가구주택,,,15,35.97161732,128.94275642
경상북도 영천시 야사동 277-9,2012-05-04,2016-11-18,단독주택,다가구주택,,,14,35.97144455,128.94295937
경상북도 영천시 금노동 509-4,2012-05-02,2012-09-10,단독주택,다가구주택,,,18,35.96202769,128.93331769
경상북도 영천시 완산동 729-34,2012-04-25,2012-09-14,단독주택,다가구주택,,,15,35.96531777,128.94076580
경상북도 영천시 금호읍 덕성리 120-1,2012-04-06,2012-08-23,단독주택,,,,11,35.93022455,128.86875132
경상북도 영천시 야사동 279-10,2012-04-05,2012-09-17,단독주택,다가구주택,,,11,35.97199243,128.94237844
경상북도 영천시 야사동 279-12 외1필지,2012-03-28,2012-09-12,단독주택,,,,11,35.97209411,128.94255580
경상북도 영천시 조교동 731-2,2012-02-06,2012-10-10,단독주택,,,,18,35.97170801,128.95173655
경상북도 영천시 문외동 197-2,2012-01-25,2012-09-13,단독주택,다가구주택,,,11,35.97390988,128.93465752
경상북도 영천시 문외동 196-4,2012-01-20,2012-06-27,단독주택,다가구주택,,,17,35.97408792,128.93443082
경상북도 영천시 문외동 196-3,2012-01-20,2012-06-27,단독주택,다가구주택,,,17,35.97415575,128.93459486
경상북도 영천시 문내동 166,2012-01-17,2015-05-28,단독주택,다가구주택,,,17,35.96875647,128.93193129
경상북도 영천시 문내동 65,2012-01-16,2013-05-07,단독주택,다가구주택,,,15,35.96951577,128.93301951
경상북도 영천시 완산동 729-56,2012-01-13,2012-07-03,단독주택,다가구주택,,,18,35.96533335,128.94059934
경상북도 영천시 완산동 1009-20,2012-01-13,2013-03-25,단독주택,다가구주택및근린생활시설,,,9,35.96685571,128.94116726
경상북도 영천시 완산동 1009-11 외1필지,2012-01-13,2013-03-25,단독주택,다가구주택,,,15,35.96695226,128.94102721
경상북도 영천시 문외동 137-5,2012-01-13,2012-05-22,단독주택,다가구,,,18,35.97310027,128.93289112
경상북도 영천시 문내동 13-2,2012-01-04,2013-09-16,단독주택,다가구,,,11,35.97454870,128.93181543
경상북도 영천시 완산동 729-36,2011-12-26,2012-06-04,단독주택,다가구주택,,,11,35.96536443,128.94092609
경상북도 영천시 문외동 247-4,2011-12-15,2012-04-03,단독주택,다가구주택,,,14,35.97324948,128.93531771
경상북도 영천시 완산동 729-44,2011-12-09,2012-06-22,단독주택,다가구,,,10,35.96563658,128.94123611
경상북도 영천시 야사동 154-66,2011-12-08,2012-05-04,단독주택,,,,11,35.97654797,128.94311865
경상북도 영천시 문외동 184-3,2011-11-10,2013-04-24,단독주택,다가구,,,12,35.97101759,128.93696612
경상북도 영천시 야사동 282-1,2011-11-04,2012-06-01,단독주택,다가구주택,,,12,35.97081562,128.94104590
경상북도 영천시 금호읍 교대리 94-1,2011-10-28,2012-07-26,단독주택,다가구,,,15,35.93430708,128.87163300
경상북도 영천시 망정동 417-28,2011-10-06,2014-07-04,단독주택,,,,18,35.98812193,128.95672358
경상북도 영천시 망정동 417-23,2011-10-05,2012-05-02,단독주택,,,,18,35.98722753,128.95629241
경상북도 영천시 봉동 654-8 외1필지,2011-10-04,2012-11-29,단독주택,다가구주택,,,18,35.93190985,128.94555736
경상북도 영천시 봉동 654-6,2011-10-04,2012-11-29,단독주택,,,,18,35.93200463,128.94526031
경상북도 영천시 봉동 654-6,2011-10-04,2012-11-29,단독주택,다중주택,,,17,35.93200463,128.94526031
경상북도 영천시 금호읍 교대리 422-6,2011-09-26,2012-02-15,단독주택,다가구주택,,,18,35.93318967,128.86831847
경상북도 영천시 금호읍 교대리 422,2011-09-22,2012-02-15,단독주택,다가구주택,,,11,35.93317168,128.86815382
경상북도 영천시 오미동 370-5 외1필지,2011-09-20,2015-01-21,단독주택,단독주택,1,,,35.98340648,128.93369220
경상북도 영천시 망정동 519-8,2011-09-19,2012-03-14,단독주택,다가구,,,16,35.98696116,128.95248838
경상북도 영천시 문외동 167-3,2011-09-09,2012-02-06,단독주택,다가구주택,,,14,35.97025197,128.93590923
경상북도 영천시 망정동 159 외1필지,2011-07-26,2012-01-20,단독주택,다가구주택,,,14,35.97422615,128.95021494
경상북도 영천시 망정동 159-7,2011-07-26,2012-01-20,단독주택,다가구주택,,,17,35.97410108,128.95031658
경상북도 영천시 문외동 197-6,2011-07-25,2012-07-19,단독주택,다가구주택,,,10,35.97375028,128.93456928
경상북도 영천시 문외동 250-1,2011-07-18,2012-04-17,단독주택,다가구주택,,,11,35.97261450,128.93520674
경상북도 영천시 문외동 250-12,2011-07-18,2012-04-17,단독주택,다가구 주택,,,11,35.97266138,128.93534041
경상북도 영천시 문외동 197-1,2011-07-18,2012-05-14,단독주택,다가구주택,,,,35.97378451,128.93436775
경상북도 영천시 문외동 197-5,2011-07-18,2012-05-14,단독주택,다가구,,,14,35.97386889,128.93451383
경상북도 영천시 문외동 197-7,2011-07-18,2012-08-14,단독주택,다가구주택,,,17,35.97355240,128.93448798
경상북도 영천시 문내동 229-1,2011-07-12,2023-11-17,단독주택,다가구주택,,,12,35.97363665,128.93189724
경상북도 영천시 문내동 229-17,2011-07-12,2012-06-15,단독주택,다가구주택,,,18,35.97346993,128.93198537
경상북도 영천시 야사동 217-7,2011-07-08,2012-01-19,단독주택,다가구,,,17,35.97195380,128.94577511
경상북도 영천시 야사동 216-1 외1필지,2011-07-08,2012-01-19,단독주택,다가구,,,11,35.97180206,128.94518725
경상북도 영천시 문외동 247-4,2011-07-06,2011-12-07,단독주택,,,,14,35.97324948,128.93531771
경상북도 영천시 야사동 154-71,2011-07-06,2012-01-16,단독주택,다가구,,,11,35.97611469,128.94284715
경상북도 영천시 야사동 158-34,2011-07-05,2012-03-22,단독주택,다가구주택,,,10,35.97528293,128.94357076
경상북도 영천시 문내동 152-12,2011-06-28,2012-03-12,단독주택,다가구주택(8세대),,,8,35.96797541,128.93255445
경상북도 영천시 문내동 5-10,2011-06-20,2011-12-20,단독주택,다가구,,,17,35.97466687,128.93146103
경상북도 영천시 문내동 5-8,2011-06-20,2011-12-20,단독주택,다가구,,,17,35.97458755,128.93129955
경상북도 영천시 완산동 984-5,2011-05-18,2011-10-24,단독주택,다가구주택,,,18,35.96290239,128.93851823
경상북도 영천시 신녕면 치산리 491,2011-05-12,2011-07-27,단독주택,다가구주택,,,7,36.05886550,128.71776394
경상북도 영천시 야사동 217-5,2011-05-12,2011-08-30,단독주택,다가구,,,18,35.97183709,128.94541111
경상북도 영천시 야사동 217,2011-05-12,2011-08-30,단독주택,다가구,,,18,35.97189057,128.94558259
경상북도 영천시 문내동 229-8,2011-04-27,2011-11-16,단독주택,다가구주택,,,11,35.97370604,128.93201750
경상북도 영천시 문내동 149 외1필지,2011-04-26,2011-10-27,단독주택,"다가구,소매점",,,10,35.96874089,128.93313399
경상북도 영천시 완산동 568,2011-04-22,2011-09-26,단독주택,,,,,35.96269158,128.95312123
경상북도 영천시 완산동 906-32,2011-04-07,2011-08-29,단독주택,다가구주택,,,11,35.96221065,128.93806803
경상북도 영천시 문내동 12-1,2011-03-28,2011-12-21,단독주택,단독주택(다가구),,,18,35.97393700,128.93054148
경상북도 영천시 임고면 황강리 373-3,2011-03-28,2011-09-30,단독주택,,,,,36.02508091,128.99153332
경상북도 영천시 완산동 729-38 외1필지,2011-03-16,2011-07-22,단독주택,다가구주택,,,14,35.96542958,128.94116061
경상북도 영천시 야사동 158-4,2011-03-04,2011-07-14,단독주택,다가구주택,,,,35.97496311,128.94460132
경상북도 영천시 망정동 519-7,2011-02-16,2011-07-19,단독주택,다가구주택,,,15,35.98709295,128.95246706
경상북도 영천시 문내동 14-7,2011-01-06,2011-09-30,단독주택,다가구주택,,,13,35.97412858,128.93190444
경상북도 영천시 문내동 14-1,2011-01-06,2011-09-29,단독주택,다가구주택,,,10,35.97404898,128.93176309
경상북도 영천시 문외동 185-11,2010-07-23,2011-05-12,단독주택,,,,11,35.97117723,128.93687048
경상북도 영천시 금호읍 교대리 42,2010-07-12,2011-02-25,단독주택,다중주택,,14,,35.93416333,128.87413354
경상북도 영천시 금호읍 교대리 42-1,2010-07-12,2011-02-21,단독주택,다중주택,,14,,35.93418876,128.87428008
경상북도 영천시 망정동 169-1,2010-06-30,2010-10-26,단독주택,다가구주택,,,11,35.97561927,128.94836503
경상북도 영천시 문외동 185-10,2010-06-10,2011-05-12,단독주택,다가구주택,,,11,35.97132346,128.93702098
경상북도 영천시 문외동 185-9,2010-06-10,2013-11-29,단독주택,다가구주택,,,11,35.97146330,128.93695841
경상북도 영천시 문외동 185-2 외1필지,2010-06-10,2013-07-01,단독주택,,,,11,35.97135277,128.93677887
경상북도 영천시 금노동 604-43,2010-04-28,2010-07-08,단독주택,,,,2,35.95934505,128.93116399
경상북도 영천시 완산동 907-5,2010-03-23,2010-07-28,단독주택,다가구주택,,,11,35.96259833,128.93834325
경상북도 영천시 금호읍 교대리 6-97,2010-03-22,2013-04-09,단독주택,다가구주택(11가구),,,11,35.93413839,128.87804356
경상북도 영천시 금호읍 교대리 6-17,2010-03-19,2012-07-12,단독주택,다가구주택(11가구),,,11,35.93379773,128.87719962
경상북도 영천시 금호읍 교대리 6-96,2010-03-19,2010-08-26,단독주택,다가구주택(11가구),,,11,35.93398684,128.87777935
경상북도 영천시 금호읍 교대리 6-95,2010-03-19,2010-08-12,단독주택,다가구주택(11가구),,,11,35.93386301,128.87749823
경상북도 영천시 문외동 토지구획정리사업지구 12 1-1,2010-03-17,2010-08-03,단독주택,다가구,,,,,
경상북도 영천시 문외동 토지구획정리사업지구 12 1,2010-03-17,2010-08-03,단독주택,다가구,,,,,
경상북도 영천시 금호읍 석섬리 306,2010-02-22,2010-08-26,단독주택,,,,,35.94445397,128.88613616
경상북도 영천시 문내동 96-2,2010-02-04,2010-07-23,단독주택,다가구,,,14,35.96917520,128.93375691
경상북도 영천시 금노동 532-11 외1필지,2010-01-26,2010-09-15,단독주택,단독주택 및 창고,,,,35.96134675,128.93110754
경상북도 영천시 성내동 212-5,2010-01-22,2010-04-13,단독주택,,,,,35.96063456,128.92337798
경상북도 영천시 문내동 문내.외지구 8블록 5롯드,2009-12-21,2010-05-25,단독주택,다가구 주택,,,18,,
경상북도 영천시 문내동 문내.외지구 8블록 5-1로트,2009-12-21,2010-05-18,단독주택,다가구 주택,,,18,,
경상북도 영천시 야사동 145-7,2009-12-09,2010-05-06,단독주택,다가구 주택,,,17,35.97613421,128.94470713
경상북도 영천시 망정동 402-2,2009-11-18,2011-07-13,단독주택,,,,18,35.98541694,128.95235234
경상북도 영천시 고경면 단포리 126-2 외2필지,2009-11-18,2010-02-02,단독주택,농업용주택,,,,35.98197931,128.97778606
경상북도 영천시 성내동 181-7,2009-10-29,2010-03-25,단독주택,다가구주택,,,11,35.96455218,128.92486228
경상북도 영천시 문외동 문내.외지구토지구획정리사업지구 19B 14L,2009-09-23,2010-02-19,단독주택,,,,18,,
경상북도 영천시 임고면 평천리 355-1,2009-07-06,2009-12-03,단독주택,"단독주택,창고",1,,,36.04319921,128.98797738
경상북도 영천시 완산동 1067-8,2009-05-19,2009-09-28,단독주택,"단독주택,창고",1,,,35.96423221,128.93671118
경상북도 영천시 야사동 127-9,2009-04-15,2009-08-24,단독주택,,,,19,35.97535331,128.94648263
경상북도 영천시 망정동 157-1,2009-04-09,2010-05-25,단독주택,다가구주택,,,11,35.97376725,128.95051955
경상북도 영천시 야사동 445,2008-12-26,2008-12-30,단독주택,단독주택,1,,,35.97987839,128.94606663
경상북도 영천시 야사동 280-17,2008-11-13,2009-05-15,단독주택,다가구주택,,,15,35.97164201,128.94186753
경상북도 영천시 야사동 280-1,2008-11-07,2009-05-15,단독주택,다가구주택,,,15,35.97173879,128.94203937
경상북도 영천시 망정동 104-4,2008-10-10,2009-03-04,단독주택,,,,13,35.97312730,128.95105689
경상북도 영천시 망정동 104-5,2008-10-10,2009-03-04,단독주택,,,,15,35.97309591,128.95127836
경상북도 영천시 신녕면 치산리 491,2008-08-28,2008-12-08,단독주택,,,,5,36.05886550,128.71776394
경상북도 영천시 문외동 문내외지구 토지구획정리사업지구 12 2-1,2008-08-27,2009-01-16,단독주택,다가구,,,16,,
경상북도 영천시 문외동 문내외지구 토지구획정리사업지구 12 2,2008-08-27,2009-01-16,단독주택,다가구,,,16,,
경상북도 영천시 금노동 604-36,2008-08-08,2008-09-30,단독주택,,2,,,35.95905147,128.93093099
경상북도 영천시 임고면 선원리 576 외1필지,2008-05-28,2008-12-16,단독주택,"단독주택,부속창고",1,,,36.04409793,128.97436888
경상북도 영천시 범어동 700 외1필지,2008-04-29,2008-06-03,단독주택,,1,,,35.94305651,128.96317752
경상북도 영천시 망정동 519-10,2008-04-15,2008-09-10,단독주택,다가구주택,,,9,35.98735787,128.95248923
경상북도 영천시 망정동 519,2008-04-14,2008-09-11,단독주택,다가구주택,,,8,35.98734814,128.95236030
경상북도 영천시 금노동 529-4,2008-03-19,2008-09-22,단독주택,,1,,0,35.96185367,128.93100411
경상북도 영천시 문외동 50-29 외1필지,2007-12-04,2008-08-05,단독주택,다가구(11가구),0,,11,35.97527545,128.93849860
경상북도 영천시 문외동 50-27,2007-12-04,2008-08-04,단독주택,,0,,11,35.97508661,128.93802012
경상북도 영천시 북안면 임포리 291 외1필지,2007-10-22,2008-03-13,단독주택,,0,,8,35.91684723,129.00820987
경상북도 영천시 북안면 고지리 642-5,2007-07-13,2008-02-27,단독주택,단독주택,1,,0,35.91589647,129.01035515
경상북도 영천시 야사동 187-1 외1필지,2007-06-15,2007-10-31,단독주택,다가구주택,0,,11,35.97397269,128.94718579
경상북도 영천시 조교동 490,2007-05-07,2007-11-09,단독주택,"단독주택,제2종근린생활시설(사무소)",1,,0,35.98292623,128.96235099
경상북도 영천시 임고면 양항리 470-3,2007-03-07,2007-07-10,단독주택,"단독주택,창고",0,,2,36.01733562,128.97466087
경상북도 영천시 문외동 50-26,2007-02-05,2007-11-21,단독주택,다가구주택,0,,11,35.97490029,128.93761553
경상북도 영천시 문외동 50-44,2007-02-05,2007-11-21,단독주택,다가구주택,0,,11,35.97498940,128.93782408
경상북도 영천시 신녕면 치산리 1400-1,2007-01-12,2011-01-06,단독주택,,,,2,,
경상북도 영천시 청통면 죽정리 619-7,2006-10-02,2007-07-30,단독주택,주택,1,,0,35.96551409,128.82478333
경상북도 영천시 금노동 490-68 외1필지,2006-05-16,2006-09-25,단독주택,단독주택,1,,0,35.95379676,128.93135397
경상북도 영천시 화룡동 197-17,2006-04-24,2006-09-29,단독주택,단독주택,1,,0,35.96467224,128.92322255
경상북도 영천시 화산면 삼부리 274,2006-04-18,2006-11-28,단독주택,,1,,0,36.00593425,128.87775609
경상북도 영천시 임고면 매호리 668-2,2006-03-27,2006-12-28,단독주택,,1,,0,35.99730822,128.96614317
경상북도 영천시 성내동 93-3 외1필지,2006-02-02,2006-05-30,단독주택,,1,,0,35.96496710,128.92905144
경상북도 영천시 고경면 해선리 354,2005-12-26,2006-04-17,단독주택,,1,,0,36.00023222,129.04509826
경상북도 영천시 완산동 729-41,2005-11-25,2006-05-01,단독주택,다가구주택,0,,11,35.96588945,128.94108452
경상북도 영천시 완산동 729-42,2005-11-18,2006-05-01,단독주택,다가구주택,0,,11,35.96589503,128.94122070
경상북도 영천시 완산동 824,2005-09-14,2007-01-15,단독주택,,1,,0,35.96025284,128.94578878
경상북도 영천시 청통면 계지리 578-27,2005-07-22,2005-12-02,단독주택,,1,,0,36.01481148,128.82295611
경상북도 영천시 청통면 계지리 578-3,2005-06-10,2005-09-22,단독주택,,1,,0,36.01460466,128.82331680
경상북도 영천시 고경면 상리리 431-1,2005-01-29,2006-11-13,단독주택,"주택,사무실",1,,0,36.00766124,129.03298399
경상북도 영천시 망정동 410-34,2004-10-27,2005-04-15,단독주택,다가구주택,8,,8,35.98524197,128.95396682
경상북도 영천시 대전동 824,2004-10-25,2005-02-16,단독주택,,1,,0,35.98800949,128.92341430
경상북도 영천시 야사동 280-16,2004-08-05,2004-09-07,단독주택,"다가구주택,근생(사무소)",0,,16,35.97160217,128.94205166
경상북도 영천시 고경면 청정리 283-1,2004-05-13,2004-10-12,단독주택,,1,,0,35.98557191,129.10078531
경상북도 영천시 고경면 청정리 283 외1필지,2004-04-19,2004-07-06,단독주택,"다가구주택,수리점,사무소",2,,0,35.98545478,129.10066530
경상북도 영천시 금호읍 덕성리 293 외1필지,2004-03-26,2004-07-26,단독주택,,1,,0,35.92933554,128.86590915
경상북도 영천시 금호읍 덕성리 40-1 외1필지,2004-03-15,2004-07-30,단독주택,"주택,창고",1,,0,35.92278848,128.88064521
경상북도 영천시 문외동 187-6 외3필지,2004-01-28,2004-04-17,단독주택,,0,,2,35.97086115,128.93625994
경상북도 영천시 야사동 280-16 외1필지,2004-01-05,2004-07-14,단독주택,다가구주택,0,,14,35.97160217,128.94205166
경상북도 영천시 교촌동 222,2003-07-16,2003-12-17,단독주택,다가구,0,,8,35.96714342,128.92597112
경상북도 영천시 교촌동 222-3,2003-07-16,2003-12-17,단독주택,다가구,0,,8,35.96716089,128.92609922
경상북도 영천시 화룡동 180-2,2003-04-29,2003-11-12,단독주택,다가구주택,6,,6,35.96616439,128.92176486
경상북도 영천시 고경면 덕암리 46-3 외1필지,2003-04-21,2003-09-25,단독주택,"단독주택,소매점",1,,0,35.99252125,129.08884464
경상북도 영천시 완산동 1065-48,2003-04-08,2003-09-17,단독주택,단독주택,1,,0,35.96461139,128.93650387
경상북도 영천시 금호읍 덕성리 219-3 외3필지,2003-03-12,2003-07-14,단독주택,다가구주택,0,,2,35.92943773,128.86325491
경상북도 영천시 금노동 560-10,2003-02-26,2003-09-03,단독주택,다가구주택,0,,12,35.96180364,128.92699755
경상북도 영천시 신녕면 화성리 449-1,2003-02-08,2003-10-04,단독주택,"주택,창고",1,,0,36.04658685,128.79386382
경상북도 영천시 야사동 92-4 외1필지,2002-11-29,2003-07-04,단독주택,소매점/주택,,,2,35.97942067,128.94998583
경상북도 영천시 신녕면 화성리 379-2,2002-09-04,2002-12-18,단독주택,"주택,창고,축사",1,,0,36.04463691,128.79092762
경상북도 영천시 망정동 152,2002-09-03,2003-01-07,단독주택,다가구,,,15,35.97505242,128.95131526
경상북도 영천시 문내동 189,2002-08-01,2003-03-14,단독주택,제1종근린생활시설,0,,6,35.96831330,128.93159028
경상북도 영천시 야사동 154-14,2002-07-30,2003-03-25,단독주택,"다가구주택,소매점",3,,3,35.97657443,128.94200128
경상북도 영천시 망정동 152-3,2002-06-07,2002-12-05,단독주택,다가구주택,0,,14,35.97508556,128.95146172
경상북도 영천시 도남동 569,2002-04-02,2002-07-22,단독주택,주택및창고,1,,,35.93613072,128.93652682
경상북도 영천시 망정동 212-4,2002-03-13,2002-09-24,단독주택,다가구주택,0,,11,35.97696676,128.95177761
경상북도 영천시 북안면 임포리 322-3 외1필지,2002-02-22,2002-08-01,단독주택,주택,1,,,35.91821607,129.00869281
경상북도 영천시 야사동 274-9,2002-01-07,2002-08-07,단독주택,다가구주택,,,18,35.97109439,128.94203226
경상북도 영천시 망정동 152-6,2001-11-29,2002-06-07,단독주택,,16,,,35.97495176,128.95147642
경상북도 영천시 야사동 289-1,2001-10-18,2002-03-21,단독주택,다가구주택,,,16,35.97106908,128.94098266
경상북도 영천시 도동 683-1,2001-08-29,2002-02-21,단독주택,,1,,,35.93994877,128.93027987
경상북도 영천시 괴연동 154-3 외1필지,2001-08-20,2001-12-06,단독주택,"주택,축사,퇴비사",,,,35.89204815,128.96044023
경상북도 영천시 북안면 효리 43-5 외1필지,2001-06-26,2001-06-28,단독주택,,,,,35.88612440,129.02250306
경상북도 영천시 망정동 152,2001-06-21,2001-10-19,단독주택,,,,13,35.97505242,128.95131526
경상북도 영천시 금호읍 석섬리 233 외1필지,2001-02-21,2001-02-28,단독주택,,,,,35.94608442,128.88626890
경상북도 영천시 금노동 386-1,2001-02-15,2001-09-24,단독주택,,,,,35.95844904,128.93176398
경상북도 영천시 문외동 111 외1필지,2001-02-09,2002-07-08,단독주택,다가구,,,5,35.96948566,128.93472172
경상북도 영천시 청통면 신원리 466 외1필지,1998-08-11,2016-11-21,단독주택,"주택, 농사용창고",1,,,36.01776692,128.77080424
경상북도 영천시 본촌동 308-2,1997-12-23,2001-08-31,단독주택,,,,19,35.92107946,128.95453460
경상북도 영천시 금호읍 석섬리 183-1 외1필지,1995-07-26,2005-12-02,단독주택,,1,,0,35.94524549,128.88965129
경상북도 영천시 문내동 234-21,1995-05-04,2005-02-18,단독주택,,1,,0,35.97320839,128.93047810
경상북도 영천시 화룡동 273-8 외1필지,1995-04-18,2001-12-19,단독주택,,1,,,35.96467088,128.91943699
경상북도 영천시 문내동 63,1995-02-17,2007-06-28,단독주택,,1,,0,35.96960679,128.93313657
경상북도 영천시 성내동 109-2,1994-06-17,2002-07-11,단독주택,,,,,35.96550488,128.92767421
경상북도 영천시 신녕면 왕산리 355,1992-02-18,2002-05-22,단독주택,,1,,,36.04703221,128.78181262
경상북도 영천시 야사동 331-22,1992-01-07,2004-03-10,단독주택,다가구,,,3,35.97570202,128.94089796
경상북도 영천시 야사동 331-21,1991-03-22,2003-11-26,단독주택,,2,,2,35.97564504,128.94077509
경상북도 영천시 문외동 154-2,1990-09-14,2003-12-20,단독주택,단독주택,1,,,35.97071157,128.93470910
경상북도 영천시 북안면 고지리 306,1989-03-09,2008-02-28,단독주택,주택,1,,0,35.90284495,129.01285312
